{
  "properties": {
    "connectionReferences": {
      "shared_microsoftcopilotstudio": {
        "runtimeSource": "embedded",
        "connection": {
          "connectionReferenceLogicalName": "msdyn_docprocessor_copilotstudio"
        },
        "api": {
          "name": "shared_microsoftcopilotstudio"
        }
      },
      "shared_office365": {
        "runtimeSource": "embedded",
        "connection": {
          "connectionReferenceLogicalName": "cr887_sharedoffice365_43db4"
        },
        "api": {
          "name": "shared_office365"
        }
      }
    },
    "definition": {
      "$schema": "https://schema.management.azure.com/providers/Microsoft.Logic/schemas/2016-06-01/workflowdefinition.json#",
      "contentVersion": "1.0.0.0",
      "parameters": {
        "$connections": {
          "defaultValue": {},
          "type": "Object"
        },
        "$authentication": {
          "defaultValue": {},
          "type": "SecureObject"
        }
      },
      "triggers": {
        "When_a_new_email_arrives_(V3)": {
          "type": "OpenApiConnectionNotification",
          "inputs": {
            "host": {
              "connectionName": "shared_office365",
              "operationId": "OnNewEmailV3",
              "apiId": "/providers/Microsoft.PowerApps/apis/shared_office365"
            },
            "parameters": {
              "to": "yh@yhabersaat.onmicrosoft.com",
              "subjectFilter": "Mission or job request"
            },
            "authentication": "@parameters('$authentication')"
          }
        }
      },
      "actions": {
        "Sends_a_prompt_to_the_specified_copilot_for_processing": {
          "runAfter": {},
          "type": "OpenApiConnection",
          "inputs": {
            "host": {
              "connectionName": "shared_microsoftcopilotstudio",
              "operationId": "ExecuteCopilot",
              "apiId": "/providers/Microsoft.PowerApps/apis/shared_microsoftcopilotstudio"
            },
            "parameters": {
              "Copilot": "cr887_agent_z28sf2",
              "body/message": "Use content from @{triggerBody()}"
            },
            "authentication": "@parameters('$authentication')"
          }
        }
      }
    },
    "templateName": null
  },
  "schemaVersion": "1.0.0.0"
}